"id","academy_id","student_id","parent_id","enrollment_id","package_id","amount","tax_amount","payment_mode","transaction_ref","payment_date","status","created_at"
"pay-1","11111111-1111-1111-1111-111111111111","st_kaisha_mehta","","enr-st_kaisha_mehta","pkg_001","14000","2520","UPI","TXN_pkg_001","2026-06-25","Completed","2026-08-05T00:00:00Z"
"pay-2","11111111-1111-1111-1111-111111111111","st_arhaan_dutt","","enr-st_arhaan_dutt","pkg_002","18000","3240","UPI","TXN_pkg_002","2026-06-25","Completed","2026-08-05T00:00:00Z"
"pay-3","11111111-1111-1111-1111-111111111111","st_siddharth_dsouza","","enr-st_siddharth_dsouza","pkg_003","14000","2520","UPI","TXN_pkg_003","2026-06-25","Completed","2026-08-05T00:00:00Z"
"pay-4","11111111-1111-1111-1111-111111111111","st_hrivaan_mehta","","enr-st_hrivaan_mehta","pkg_004","14000","2520","UPI","TXN_pkg_004","2026-06-25","Completed","2026-08-05T00:00:00Z"
"pay-5","11111111-1111-1111-1111-111111111111","st_aarush_khanna","","enr-st_aarush_khanna","pkg_005","18000","3240","UPI","TXN_pkg_005","2026-06-25","Completed","2026-08-05T00:00:00Z"
"pay-6","11111111-1111-1111-1111-111111111111","st_aadvik_khanna","","enr-st_aadvik_khanna","pkg_006","18000","3240","UPI","TXN_pkg_006","2026-06-25","Completed","2026-08-05T00:00:00Z"
"pay-7","11111111-1111-1111-1111-111111111111","st_thiyaan_manik","","enr-st_thiyaan_manik","pkg_007","18000","3240","UPI","TXN_pkg_007","2026-06-25","Completed","2026-08-05T00:00:00Z"
"pay-8","11111111-1111-1111-1111-111111111111","st_arjun_moorthy","","enr-st_arjun_moorthy","pkg_008","9000","1620","UPI","TXN_pkg_008","2026-06-25","Completed","2026-08-05T00:00:00Z"
"pay-9","11111111-1111-1111-1111-111111111111","st_abir_sukhani","","enr-st_abir_sukhani","pkg_009","9000","1620","UPI","TXN_pkg_009","2026-06-25","Completed","2026-08-05T00:00:00Z"
"pay-10","11111111-1111-1111-1111-111111111111","st_yuvaan_bajaj","","enr-st_yuvaan_bajaj","pkg_010","9000","1620","UPI","TXN_pkg_010","2026-06-25","Completed","2026-08-05T00:00:00Z"
"pay-11","11111111-1111-1111-1111-111111111111","st_kabir_ludhani","","enr-st_kabir_ludhani","pkg_011","9000","1620","UPI","TXN_pkg_011","2026-06-25","Completed","2026-08-05T00:00:00Z"
"pay-12","11111111-1111-1111-1111-111111111111","st_ayaan_salot","","enr-st_ayaan_salot","pkg_012","9000","1620","UPI","TXN_pkg_012","2026-06-25","Completed","2026-08-05T00:00:00Z"
"pay-13","11111111-1111-1111-1111-111111111111","st_vivaan_mehra","","enr-st_vivaan_mehra","pkg_013","9000","1620","UPI","TXN_pkg_013","2026-06-25","Completed","2026-08-05T00:00:00Z"
"pay-14","11111111-1111-1111-1111-111111111111","st_dev_karnik","","enr-st_dev_karnik","pkg_014","14000","2520","UPI","TXN_pkg_014","2026-06-25","Completed","2026-08-05T00:00:00Z"
"pay-15","11111111-1111-1111-1111-111111111111","st_arjun_arya","","enr-st_arjun_arya","pkg_015","14000","2520","UPI","TXN_pkg_015","2026-06-25","Completed","2026-08-05T00:00:00Z"
"pay-16","11111111-1111-1111-1111-111111111111","st_aarav_chandra","","enr-st_aarav_chandra","pkg_016","9000","1620","UPI","TXN_pkg_016","2026-06-25","Completed","2026-08-05T00:00:00Z"
"pay-18","11111111-1111-1111-1111-111111111111","st_alina_yalla","","enr-st_alina_yalla","pkg_018","5500","990","UPI","TXN_pkg_018","2026-06-25","Completed","2026-08-05T00:00:00Z"
"pay-19","11111111-1111-1111-1111-111111111111","st_aarush_sanghvi","","enr-st_aarush_sanghvi","pkg_019","5500","990","UPI","TXN_pkg_019","2026-06-25","Completed","2026-08-05T00:00:00Z"
"pay-20","11111111-1111-1111-1111-111111111111","st_meera_vivek","","enr-st_meera_vivek","pkg_020","5500","990","UPI","TXN_pkg_020","2026-06-25","Completed","2026-08-05T00:00:00Z"
"pay-21","11111111-1111-1111-1111-111111111111","st_krisha_desai","","enr-st_krisha_desai","pkg_021","5500","990","UPI","TXN_pkg_021","2026-06-25","Completed","2026-08-05T00:00:00Z"
"pay-22","11111111-1111-1111-1111-111111111111","st_aarshiv_karla","","enr-st_aarshiv_karla","pkg_022","5500","990","UPI","TXN_pkg_022","2026-06-25","Completed","2026-08-05T00:00:00Z"
"pay-23","11111111-1111-1111-1111-111111111111","st_aroush_mehta","","enr-st_aroush_mehta","pkg_023","5500","990","UPI","TXN_pkg_023","2026-06-25","Completed","2026-08-05T00:00:00Z"
"pay-24","11111111-1111-1111-1111-111111111111","st_ivanka_chouhan","","enr-st_ivanka_chouhan","pkg_024","5500","990","UPI","TXN_pkg_024","2026-06-25","Completed","2026-08-05T00:00:00Z"
"pay-25","11111111-1111-1111-1111-111111111111","st_aarav_sanghvi","","enr-st_aarav_sanghvi","pkg_025","5500","990","UPI","TXN_pkg_025","2026-06-25","Completed","2026-08-05T00:00:00Z"
"pay-26","11111111-1111-1111-1111-111111111111","st_shaurya_kothari","","enr-st_shaurya_kothari","pkg_026","5000","900","UPI","TXN_pkg_026","2026-06-25","Completed","2026-08-05T00:00:00Z"
"pay-27","11111111-1111-1111-1111-111111111111","st_aarav_heble","","enr-st_aarav_heble","pkg_027","5000","900","UPI","TXN_pkg_027","2026-06-25","Completed","2026-08-05T00:00:00Z"
"pay-28","11111111-1111-1111-1111-111111111111","st_aveer_vasant","","enr-st_aveer_vasant","pkg_028","5000","900","UPI","TXN_pkg_028","2026-06-25","Completed","2026-08-05T00:00:00Z"
"pay-29","11111111-1111-1111-1111-111111111111","st_alyssa_modawalla","","enr-st_alyssa_modawalla","pkg_029","5000","900","UPI","TXN_pkg_029","2026-06-25","Completed","2026-08-05T00:00:00Z"
"pay-30","11111111-1111-1111-1111-111111111111","st_aveera_rathod","","enr-st_aveera_rathod","pkg_030","5000","900","UPI","TXN_pkg_030","2026-06-25","Completed","2026-08-05T00:00:00Z"
"pay-31","11111111-1111-1111-1111-111111111111","st_alyza_jhaveri","","enr-st_alyza_jhaveri","pkg_031","5000","900","UPI","TXN_pkg_031","2026-06-25","Pending","2026-08-05T00:00:00Z"
"pay-32","11111111-1111-1111-1111-111111111111","st_aryaveer_rathod","","enr-st_aryaveer_rathod","pkg_032","5000","900","UPI","TXN_pkg_032","2026-06-25","Completed","2026-08-05T00:00:00Z"
"pay-33","11111111-1111-1111-1111-111111111111","st_ananya_dodhia","","enr-st_ananya_dodhia","pkg_033","5000","900","UPI","TXN_pkg_033","2026-06-25","Completed","2026-08-05T00:00:00Z"
"pay-35","11111111-1111-1111-1111-111111111111","st_arya_mehta","","enr-st_arya_mehta","pkg_035","5000","900","UPI","TXN_pkg_035","2026-06-25","Completed","2026-08-05T00:00:00Z"
"pay-36","11111111-1111-1111-1111-111111111111","st_agastya_kalra","","enr-st_agastya_kalra","pkg_036","5000","900","UPI","TXN_pkg_036","2026-06-25","Completed","2026-08-05T00:00:00Z"
"pay-37","11111111-1111-1111-1111-111111111111","st_kiara_shah","","enr-st_kiara_shah","pkg_037","5000","900","UPI","TXN_pkg_037","2026-06-25","Completed","2026-08-05T00:00:00Z"
"pay-38","11111111-1111-1111-1111-111111111111","st_zain_guzman","","enr-st_zain_guzman","pkg_038","6500","1170","UPI","TXN_pkg_038","2026-06-25","Completed","2026-08-05T00:00:00Z"
"pay-39","11111111-1111-1111-1111-111111111111","st_avyaan_barot","","enr-st_avyaan_barot","pkg_039","6500","1170","UPI","TXN_pkg_039","2026-06-25","Completed","2026-08-05T00:00:00Z"
"pay-40","11111111-1111-1111-1111-111111111111","st_hrivaan_mehta","","enr-st_hrivaan_mehta","pkg_040","3000","540","UPI","TXN_pkg_040","2026-06-25","Completed","2026-08-05T00:00:00Z"
"pay-41","11111111-1111-1111-1111-111111111111","st_arjun_arya","","enr-st_arjun_arya","pkg_041","3000","540","UPI","TXN_pkg_041","2026-06-25","Completed","2026-08-05T00:00:00Z"
"pay-42","11111111-1111-1111-1111-111111111111","st_dev_karnik","","enr-st_dev_karnik","pkg_042","3000","540","UPI","TXN_pkg_042","2026-06-25","Completed","2026-08-05T00:00:00Z"
"pay-43","11111111-1111-1111-1111-111111111111","st_zahaan_sachdeva","","enr-st_zahaan_sachdeva","pkg_043","3000","540","UPI","TXN_pkg_043","2026-06-25","Completed","2026-08-05T00:00:00Z"
"pay-44","11111111-1111-1111-1111-111111111111","st_riddhima_shah","","enr-st_riddhima_shah","pkg_044","3000","540","UPI","TXN_pkg_044","2026-06-25","Completed","2026-08-05T00:00:00Z"
"pay-45","11111111-1111-1111-1111-111111111111","st_ayaan_salot","","enr-st_ayaan_salot","pkg_045","3000","540","UPI","TXN_pkg_045","2026-06-25","Completed","2026-08-05T00:00:00Z"
"pay-46","11111111-1111-1111-1111-111111111111","st_siddhanth_dsouza","","enr-st_siddhanth_dsouza","pkg_046","3000","540","UPI","TXN_pkg_046","2026-06-25","Completed","2026-08-05T00:00:00Z"
"pay-47","11111111-1111-1111-1111-111111111111","st_aarush_khanna","","enr-st_aarush_khanna","pkg_047","3000","540","UPI","TXN_pkg_047","2026-06-25","Completed","2026-08-05T00:00:00Z"
"pay-48","11111111-1111-1111-1111-111111111111","st_aadvik_khanna","","enr-st_aadvik_khanna","pkg_048","3000","540","UPI","TXN_pkg_048","2026-06-25","Completed","2026-08-05T00:00:00Z"
"pay-49","11111111-1111-1111-1111-111111111111","st_kaisha_mehta","","enr-st_kaisha_mehta","pkg_049","3000","540","UPI","TXN_pkg_049","2026-06-25","Completed","2026-08-05T00:00:00Z"
"pay-50","11111111-1111-1111-1111-111111111111","st_arhaan_dutt","","enr-st_arhaan_dutt","pkg_050","3000","540","UPI","TXN_pkg_050","2026-06-25","Completed","2026-08-05T00:00:00Z"
"pay-52","11111111-1111-1111-1111-111111111111","st_aarohi_singhal","","enr-st_aarohi_singhal","pkg_052","7500","1350","UPI","TXN_pkg_052","2026-06-25","Completed","2026-08-05T00:00:00Z"
"pay-53","11111111-1111-1111-1111-111111111111","st_amaira_chauhan","","enr-st_amaira_chauhan","pkg_053","14000","2520","UPI","TXN_pkg_053","2026-06-25","Completed","2026-08-05T00:00:00Z"
"pay-54","11111111-1111-1111-1111-111111111111","st_arjun_choudhary","","enr-st_arjun_choudhary","pkg_054","14000","2520","UPI","TXN_pkg_054","2026-06-25","Completed","2026-08-05T00:00:00Z"
"pay-55","11111111-1111-1111-1111-111111111111","st_vivaan_mehra","","enr-st_vivaan_mehra","pkg_055","14000","2520","UPI","TXN_pkg_055","2026-06-25","Completed","2026-08-05T00:00:00Z"
"pay-56","11111111-1111-1111-1111-111111111111","st_kimaya_katyal","","enr-st_kimaya_katyal","pkg_056","14000","2520","UPI","TXN_pkg_056","2026-06-25","Completed","2026-08-05T00:00:00Z"
"pay-57","11111111-1111-1111-1111-111111111111","st_inez_mehra","","enr-st_inez_mehra","pkg_057","6500","1170","UPI","TXN_pkg_057","2026-06-25","Completed","2026-08-05T00:00:00Z"
"pay-58","11111111-1111-1111-1111-111111111111","st_vrahad_arora","","enr-st_vrahad_arora","pkg_058","6500","1170","UPI","TXN_pkg_058","2026-06-25","Completed","2026-08-05T00:00:00Z"
"pay-59","11111111-1111-1111-1111-111111111111","st_aksania_atal","","enr-st_aksania_atal","pkg_059","6500","1170","UPI","TXN_pkg_059","2026-06-25","Completed","2026-08-05T00:00:00Z"
"pay-60","11111111-1111-1111-1111-111111111111","st_arjun_shah","","enr-st_arjun_shah","pkg_060","6500","1170","UPI","TXN_pkg_060","2026-06-25","Completed","2026-08-05T00:00:00Z"
"pay-61","11111111-1111-1111-1111-111111111111","st_shivya_poddar","","enr-st_shivya_poddar","pkg_061","6500","1170","UPI","TXN_pkg_061","2026-06-25","Completed","2026-08-05T00:00:00Z"
"pay-62","11111111-1111-1111-1111-111111111111","st_ayaan_sheth","","enr-st_ayaan_sheth","pkg_062","6500","1170","UPI","TXN_pkg_062","2026-06-25","Pending","2026-08-05T00:00:00Z"
"pay-63","11111111-1111-1111-1111-111111111111","st_arhaan_sanghvi","","enr-st_arhaan_sanghvi","pkg_063","6500","1170","UPI","TXN_pkg_063","2026-06-25","Completed","2026-08-05T00:00:00Z"
"pay-64","11111111-1111-1111-1111-111111111111","st_ananya_rajani","","enr-st_ananya_rajani","pkg_064","6500","1170","UPI","TXN_pkg_064","2026-06-25","Completed","2026-08-05T00:00:00Z"
"pay-65","11111111-1111-1111-1111-111111111111","st_vivaan_oza","","enr-st_vivaan_oza","pkg_065","6500","1170","UPI","TXN_pkg_065","2026-06-25","Completed","2026-08-05T00:00:00Z"
"pay-66","11111111-1111-1111-1111-111111111111","st_vihaan_vasant","","enr-st_vihaan_vasant","pkg_066","6500","1170","UPI","TXN_pkg_066","2026-06-25","Completed","2026-08-05T00:00:00Z"
"pay-67","11111111-1111-1111-1111-111111111111","st_amara_yalla","","enr-st_amara_yalla","pkg_067","6500","1170","UPI","TXN_pkg_067","2026-06-25","Completed","2026-08-05T00:00:00Z"
"pay-69","11111111-1111-1111-1111-111111111111","st_viana_shah","","enr-st_viana_shah","pkg_069","6500","1170","UPI","TXN_pkg_069","2026-06-25","Completed","2026-08-05T00:00:00Z"
"pay-70","11111111-1111-1111-1111-111111111111","st_ivana_ganeriwal","","enr-st_ivana_ganeriwal","pkg_070","5000","900","UPI","TXN_pkg_070","2026-06-25","Completed","2026-08-05T00:00:00Z"
"pay-71","11111111-1111-1111-1111-111111111111","st_kavir_chopra","","enr-st_kavir_chopra","pkg_071","5000","900","UPI","TXN_pkg_071","2026-06-25","Completed","2026-08-05T00:00:00Z"
"pay-72","11111111-1111-1111-1111-111111111111","st_ariaan_khandelwal","","enr-st_ariaan_khandelwal","pkg_072","5000","900","UPI","TXN_pkg_072","2026-06-25","Completed","2026-08-05T00:00:00Z"
"pay-73","11111111-1111-1111-1111-111111111111","st_kianna_jain","","enr-st_kianna_jain","pkg_073","5000","900","UPI","TXN_pkg_073","2026-06-25","Completed","2026-08-05T00:00:00Z"
"pay-74","11111111-1111-1111-1111-111111111111","st_zayn_winston","","enr-st_zayn_winston","pkg_074","5000","900","UPI","TXN_pkg_074","2026-06-25","Completed","2026-08-05T00:00:00Z"
"pay-75","11111111-1111-1111-1111-111111111111","st_parth_mehta","","enr-st_parth_mehta","pkg_075","5000","900","UPI","TXN_pkg_075","2026-06-25","Completed","2026-08-05T00:00:00Z"
"pay-76","11111111-1111-1111-1111-111111111111","st_avish_shah","","enr-st_avish_shah","pkg_076","5000","900","UPI","TXN_pkg_076","2026-06-25","Completed","2026-08-05T00:00:00Z"
"pay-77","11111111-1111-1111-1111-111111111111","st_anaiza_jhaveri","","enr-st_anaiza_jhaveri","pkg_077","5000","900","UPI","TXN_pkg_077","2026-06-25","Completed","2026-08-05T00:00:00Z"
"pay-78","11111111-1111-1111-1111-111111111111","st_shauraya_sekhani","","enr-st_shauraya_sekhani","pkg_078","5000","900","UPI","TXN_pkg_078","2026-06-25","Completed","2026-08-05T00:00:00Z"
"pay-79","11111111-1111-1111-1111-111111111111","st_nihira_desai","","enr-st_nihira_desai","pkg_079","5000","900","UPI","TXN_pkg_079","2026-06-25","Completed","2026-08-05T00:00:00Z"
"pay-80","11111111-1111-1111-1111-111111111111","st_kaira_vajifdar","","enr-st_kaira_vajifdar","pkg_080","5000","900","UPI","TXN_pkg_080","2026-06-25","Completed","2026-08-05T00:00:00Z"
"pay-81","11111111-1111-1111-1111-111111111111","st_sohana_chandanani","","enr-st_sohana_chandanani","pkg_081","5000","900","UPI","TXN_pkg_081","2026-06-25","Completed","2026-08-05T00:00:00Z"
"pay-82","11111111-1111-1111-1111-111111111111","st_amara_yalla","","enr-st_amara_yalla","pkg_082","3000","540","UPI","TXN_pkg_082","2026-06-25","Completed","2026-08-05T00:00:00Z"
"pay-83","11111111-1111-1111-1111-111111111111","st_viana_shah","","enr-st_viana_shah","pkg_083","3000","540","UPI","TXN_pkg_083","2026-06-25","Completed","2026-08-05T00:00:00Z"
"pay-84","11111111-1111-1111-1111-111111111111","st_aarohi_singhal","","enr-st_aarohi_singhal","pkg_084","3000","540","UPI","TXN_pkg_084","2026-06-25","Completed","2026-08-05T00:00:00Z"
"pay-86","11111111-1111-1111-1111-111111111111","st_tanuj_gupte","","enr-st_tanuj_gupte","pkg_086","4000","720","UPI","TXN_pkg_086","2026-06-25","Completed","2026-08-05T00:00:00Z"
"pay-87","11111111-1111-1111-1111-111111111111","st_shivaay_ruia","","enr-st_shivaay_ruia","pkg_087","4000","720","UPI","TXN_pkg_087","2026-06-25","Completed","2026-08-05T00:00:00Z"
"pay-88","11111111-1111-1111-1111-111111111111","st_vansh_katari","","enr-st_vansh_katari","pkg_088","4000","720","UPI","TXN_pkg_088","2026-06-25","Completed","2026-08-05T00:00:00Z"
"pay-89","11111111-1111-1111-1111-111111111111","st_prabhit_kanakia","","enr-st_prabhit_kanakia","pkg_089","4000","720","UPI","TXN_pkg_089","2026-06-25","Completed","2026-08-05T00:00:00Z"
"pay-90","11111111-1111-1111-1111-111111111111","st_ziana_vora","","enr-st_ziana_vora","pkg_090","4000","720","UPI","TXN_pkg_090","2026-06-25","Completed","2026-08-05T00:00:00Z"
"pay-91","11111111-1111-1111-1111-111111111111","st_naavya_desai","","enr-st_naavya_desai","pkg_091","4000","720","UPI","TXN_pkg_091","2026-06-25","Completed","2026-08-05T00:00:00Z"
"pay-92","11111111-1111-1111-1111-111111111111","st_sasha_saini","","enr-st_sasha_saini","pkg_092","4000","720","UPI","TXN_pkg_092","2026-06-25","Completed","2026-08-05T00:00:00Z"
"pay-93","11111111-1111-1111-1111-111111111111","st_shivan_chauhan","","enr-st_shivan_chauhan","pkg_093","4000","720","UPI","TXN_pkg_093","2026-06-25","Pending","2026-08-05T00:00:00Z"
"pay-94","11111111-1111-1111-1111-111111111111","st_advait_parekh","","enr-st_advait_parekh","pkg_094","4000","720","UPI","TXN_pkg_094","2026-06-25","Completed","2026-08-05T00:00:00Z"
"pay-95","11111111-1111-1111-1111-111111111111","st_rada_saran_koshcheeva","","enr-st_rada_saran_koshcheeva","pkg_095","4000","720","UPI","TXN_pkg_095","2026-06-25","Completed","2026-08-05T00:00:00Z"
"pay-96","11111111-1111-1111-1111-111111111111","st_maahi_pabari","","enr-st_maahi_pabari","pkg_096","4000","720","UPI","TXN_pkg_096","2026-06-25","Completed","2026-08-05T00:00:00Z"
"pay-97","11111111-1111-1111-1111-111111111111","st_dhven_mukhi","","enr-st_dhven_mukhi","pkg_097","4000","720","UPI","TXN_pkg_097","2026-06-25","Completed","2026-08-05T00:00:00Z"
"pay-98","11111111-1111-1111-1111-111111111111","st_kyra_golcha","","enr-st_kyra_golcha","pkg_098","4000","720","UPI","TXN_pkg_098","2026-06-25","Completed","2026-08-05T00:00:00Z"
"pay-99","11111111-1111-1111-1111-111111111111","st_aditya_kapadia","","enr-st_aditya_kapadia","pkg_099","4000","720","UPI","TXN_pkg_099","2026-06-25","Completed","2026-08-05T00:00:00Z"
"pay-100","11111111-1111-1111-1111-111111111111","st_ananya_kapadia","","enr-st_ananya_kapadia","pkg_100","4000","720","UPI","TXN_pkg_100","2026-06-25","Completed","2026-08-05T00:00:00Z"
"pay-101","11111111-1111-1111-1111-111111111111","st_rehaan_merchant","","enr-st_rehaan_merchant","pkg_101","4000","720","UPI","TXN_pkg_101","2026-06-25","Completed","2026-08-05T00:00:00Z"